sentence,words,tip,translation_en
"Entschuldigung, wo ist der Bahnhof?","Entschuldigung|,|wo|ist|der|Bahnhof|?","Polite way to ask for directions.","Excuse me, where is the train station?"
"Wie komme ich zum Hauptbahnhof?","Wie|komme|ich|zum|Hauptbahnhof|?","'zum' is short for 'zu dem' (dative masculine).","How do I get to the main train station?"
"Gehen Sie immer geradeaus.","Gehen|Sie|immer|geradeaus|.","Formal imperative command.","Go straight ahead."
"Gehen Sie die erste Straße rechts.","Gehen|Sie|die|erste|Straße|rechts|.","Ordinal number 'erste'.","Take the first street on the right."
"Gehen Sie die zweite Straße links.","Gehen|Sie|die|zweite|Straße|links|.","Ordinal number 'zweite'.","Take the second street on the left."
"Dann gehen Sie nach links.","Dann|gehen|Sie|nach|links|.","'nach links' means to the left.","Then go to the left."
"Gehen Sie nach rechts.","Gehen|Sie|nach|rechts|.","'nach rechts' means to the right.","Go to the right."
"Biegen Sie hier links ab.","Biegen|Sie|hier|links|ab|.","'abbiegen' (to turn) is a separable verb.","Turn left here."
"Biegen Sie rechts ab.","Biegen|Sie|rechts|ab|.","Separable prefix 'ab' goes to the end.","Turn right."
"Gehen Sie über den Marktplatz.","Gehen|Sie|über|den|Marktplatz|.","'über' takes accusative for movement.","Go across the market square."
"Gehen Sie durch den Park.","Gehen|Sie|durch|den|Park|.","'durch' takes the accusative case.","Go through the park."
"Gehen Sie an der Kirche vorbei.","Gehen|Sie|an|der|Kirche|vorbei|.","'an... vorbei' means past something (takes dative).","Go past the church."
"Der Bahnhof ist auf der rechten Seite.","Der|Bahnhof|ist|auf|der|rechten|Seite|.","Phrase for 'on the right side'.","The train station is on the right side."
"Das Hotel ist auf der linken Seite.","Das|Hotel|ist|auf|der|linken|Seite|.","Phrase for 'on the left side'.","The hotel is on the left side."
"Es ist nicht weit von hier.","Es|ist|nicht|weit|von|hier|.","'weit' means far.","It is not far from here."
"Fahren Sie mit dem Bus.","Fahren|Sie|mit|dem|Bus|.","'mit' requires the dative case (der Bus -> dem Bus).","Take the bus."
"Ich fahre mit dem Auto.","Ich|fahre|mit|dem|Auto|.","'Auto' is neutral (das Auto -> dem Auto).","I drive the car."
"Wir fahren mit der U-Bahn.","Wir|fahren|mit|der|U-Bahn|.","'U-Bahn' is feminine (die Bahn -> der U-Bahn).","We travel by subway."
"Fährst du mit dem Fahrrad?","Fährst|du|mit|dem|Fahrrad|?","'Fahrrad' is neutral.","Are you going by bicycle?"
"Sie fährt mit der Straßenbahn.","Sie|fährt|mit|der|Straßenbahn|.","'Straßenbahn' is feminine.","She travels by tram."
"Ich nehme ein Taxi.","Ich|nehme|ein|Taxi|.","'nehmen' (to take) takes accusative.","I'll take a taxi."
"Nehmen Sie den Bus Linie vier.","Nehmen|Sie|den|Bus|Linie|vier|.","'Bus' is masculine accusative (den).","Take bus line four."
"Wir gehen zu Fuß.","Wir|gehen|zu|Fuß|.","Fixed expression for walking.","We are going on foot."
"Wo ist die Bushaltestelle?","Wo|ist|die|Bushaltestelle|?","'Bushaltestelle' is feminine.","Where is the bus stop?"
"Wo ist der Taxistand?","Wo|ist|der|Taxistand|?","'Taxistand' is masculine.","Where is the taxi stand?"
"Wann fährt der Zug ab?","Wann|fährt|der|Zug|ab|?","'abfahren' (to depart) is a separable verb.","When does the train depart?"
"Der Zug fährt um neun Uhr ab.","Der|Zug|fährt|um|neun|Uhr|ab|.","Separable prefix 'ab' at the end.","The train departs at nine o'clock."
"Wann kommt der Zug an?","Wann|kommt|der|Zug|an|?","'ankommen' (to arrive) is a separable verb.","When does the train arrive?"
"Der Zug kommt um zehn Uhr an.","Der|Zug|kommt|um|zehn|Uhr|an|.","Separable prefix 'an' at the end.","The train arrives at ten o'clock."
"Wo müssen wir umsteigen?","Wo|müssen|wir|umsteigen|?","'umsteigen' (to transfer/change trains). Stays whole at the end because of modal verb 'müssen'.","Where do we have to transfer?"
"Sie müssen in Frankfurt umsteigen.","Sie|müssen|in|Frankfurt|umsteigen|.","Modal verb 'müssen' pushes 'umsteigen' to the end.","You must transfer in Frankfurt."
"Bitte einsteigen!","Bitte|einsteigen|!","Command often heard at stations.","Please board!"
"Steigen Sie hier aus!","Steigen|Sie|hier|aus|!","'aussteigen' (to get off).","Get off here!"
"Der Zug fährt auf Gleis vier ab.","Der|Zug|fährt|auf|Gleis|vier|ab|.","'Gleis' means track or platform.","The train departs from track four."
"Bitte achten Sie auf die Durchsage.","Bitte|achten|Sie|auf|die|Durchsage|.","'achten auf' means to pay attention to.","Please pay attention to the announcement."
"Wie lange dauert die Fahrt?","Wie|lange|dauert|die|Fahrt|?","'dauern' means to last/take time.","How long does the journey take?"
"Die Fahrt dauert zwei Stunden.","Die|Fahrt|dauert|zwei|Stunden|.","'Stunden' means hours.","The journey takes two hours."
"Ich kaufe ein Tagesticket.","Ich|kaufe|ein|Tagesticket|.","'Tagesticket' is neutral.","I buy a day ticket."
"Wir stehen im Stau.","Wir|stehen|im|Stau|.","'im Stau' means in a traffic jam.","We are stuck in a traffic jam."
"Der Verkehr ist schrecklich.","Der|Verkehr|ist|schrecklich|.","'Verkehr' means traffic.","The traffic is terrible."
"Ich bin unterwegs.","Ich|bin|unterwegs|.","Common phrase meaning 'on the way'.","I am on my way."
"Ich mache heute Sightseeing.","Ich|mache|heute|Sightseeing|.","English loanword.","I am doing sightseeing today."
"Wir besichtigen die Altstadt.","Wir|besichtigen|die|Altstadt|.","'besichtigen' means to visit/view.","We are visiting the old town."
"Wir machen einen Stadtrundgang.","Wir|machen|einen|Stadtrundgang|.","'Stadtrundgang' is masculine accusative.","We are doing a city walking tour."
"Das ist eine berühmte Sehenswürdigkeit.","Das|ist|eine|berühmte|Sehenswürdigkeit|.","'Sehenswürdigkeit' means attraction/sight.","That is a famous attraction."
"Das Rathaus ist sehr alt.","Das|Rathaus|ist|sehr|alt|.","'Rathaus' means city hall.","The town hall is very old."
"Ich brauche einen Stadtplan.","Ich|brauche|einen|Stadtplan|.","'Stadtplan' is masculine accusative.","I need a city map."
"Gehen Sie zur Stadtinfo.","Gehen|Sie|zur|Stadtinfo|.","'zur' = zu der (dative).","Go to the city info."
"Wo ist unser Treffpunkt?","Wo|ist|unser|Treffpunkt|?","'Treffpunkt' means meeting point.","Where is our meeting point?"
"Wir treffen uns am Marktplatz.","Wir|treffen|uns|am|Marktplatz|.","'am' = an dem.","We meet at the market square."
"Darf man hier parken?","Darf|man|hier|parken|?","Modal verb 'dürfen' (darf) + infinitive at the end.","Is one allowed to park here?"
"Ich miete ein Auto.","Ich|miete|ein|Auto|.","'mieten' means to rent.","I rent a car."
"Wir nutzen Carsharing.","Wir|nutzen|Carsharing|.","'nutzen' means to use.","We use carsharing."
"Das Elektroauto ist umweltfreundlich.","Das|Elektroauto|ist|umweltfreundlich|.","'umweltfreundlich' means eco-friendly.","The electric car is eco-friendly."
"Ich fahre lieber Fahrrad.","Ich|fahre|lieber|Fahrrad|.","'lieber' means prefer to.","I prefer riding a bike."
"Was ist dein Lieblings-Verkehrsmittel?","Was|ist|dein|Lieblings-Verkehrsmittel|?","Compound noun.","What is your favorite means of transport?"
"Berlin hat viele Einwohner.","Berlin|hat|viele|Einwohner|.","'Einwohner' means inhabitants.","Berlin has many inhabitants."
"Die Stadt ist wunderschön.","Die|Stadt|ist|wunderschön|.","'wunderschön' means gorgeous.","The city is gorgeous."
"Wir genießen das Nachtleben.","Wir|genießen|das|Nachtleben|.","'genießen' means to enjoy.","We enjoy the nightlife."
"Wir gehen auf einen Rave.","Wir|gehen|auf|einen|Rave|.","'Rave' is masculine accusative here.","We are going to a rave."
"Der DJ spielt gute Musik.","Der|DJ|spielt|gute|Musik|.","'DJ' is masculine.","The DJ plays good music."
"Wir trinken Cocktails in der Strandbar.","Wir|trinken|Cocktails|in|der|Strandbar|.","'in der' indicates location (dative).","We drink cocktails in the beach bar."
"Kommst du mit?","Kommst|du|mit|?","'mitkommen' is separable.","Are you coming along?"
"Ich komme gerne mit.","Ich|komme|gerne|mit|.","'gerne' expresses pleasure in doing it.","I gladly come along."
"Wir gehen shoppen.","Wir|gehen|shoppen|.","'gehen' + infinitive.","We go shopping."
"Ich interessiere mich für Mode.","Ich|interessiere|mich|für|Mode|.","Reflexive verb 'sich interessieren für'.","I am interested in fashion."
"Das Design ist sehr modern.","Das|Design|ist|sehr|modern|.","'Design' is neutral.","The design is very modern."
"Wir machen ein Rollenspiel.","Wir|machen|ein|Rollenspiel|.","'Rollenspiel' is neutral.","We are doing a role-play."
"Wir würfeln um den Sieg.","Wir|würfeln|um|den|Sieg|.","'würfeln' means to roll dice.","We roll the dice for the win."
"Werfen Sie den Würfel.","Werfen|Sie|den|Würfel|.","'Würfel' is masculine accusative.","Throw the dice."
"Das ist ein Geheimnis.","Das|ist|ein|Geheimnis|.","'Geheimnis' means secret.","That is a secret."
"Erzählen Sie mir davon.","Erzählen|Sie|mir|davon|.","'erzählen' means to tell.","Tell me about it."
"Ich bin ein Frühstücksfan.","Ich|bin|ein|Frühstücksfan|.","'Frühstücksfan' is masculine.","I am a breakfast fan."
"Wir essen vegan.","Wir|essen|vegan|.","'vegan' means vegan.","We eat vegan."
"Ich esse einen Crêpe.","Ich|esse|einen|Crêpe|.","'Crêpe' is masculine accusative here.","I eat a crepe."
"Das ist eine tolle Idee.","Das|ist|eine|tolle|Idee|.","'Idee' is feminine.","That is a great idea."
"Das ist ganz einfach.","Das|ist|ganz|einfach|.","'einfach' means simple.","That is quite simple."
"Folgen Sie dem Pfeil.","Folgen|Sie|dem|Pfeil|.","'folgen' takes the dative case (dem Pfeil).","Follow the arrow."
"Schauen Sie auf das Pikto.","Schauen|Sie|auf|das|Pikto|.","'Pikto' means icon/pictogram.","Look at the pictogram."
"Ich reise nach Japan.","Ich|reise|nach|Japan|.","Use 'nach' for countries without articles.","I travel to Japan."
"Ich schicke es per E-Mail.","Ich|schicke|es|per|E-Mail|.","'per' means via/by.","I'll send it via email."
"Vielen Dank für die Info.","Vielen|Dank|für|die|Info|.","'für' takes accusative.","Thank you very much for the info."
"Gern geschehen!","Gern|geschehen|!","Standard reply to thank you.","You're welcome!"
"Warten Sie einen Moment.","Warten|Sie|einen|Moment|.","'Moment' is masculine accusative.","Wait a moment."
"Die Fahrt war sehr bequem.","Die|Fahrt|war|sehr|bequem|.","'war' is simple past of 'sein'.","The trip was very comfortable."
"Das Hotel ist ideal.","Das|Hotel|ist|ideal|.","'ideal' means ideal.","The hotel is ideal."
"Wir bleiben drei Tage.","Wir|bleiben|drei|Tage|.","'bleiben' means to stay.","We stay three days."
"Er fährt ein Motorrad.","Er|fährt|ein|Motorrad|.","'Motorrad' is neutral.","He rides a motorcycle."
"Wir fahren mit dem Tuktuk.","Wir|fahren|mit|dem|Tuktuk|.","Dative 'dem' after 'mit'.","We travel by auto rickshaw."
"Bitte präsentieren Sie das Ergebnis.","Bitte|präsentieren|Sie|das|Ergebnis|.","'präsentieren' means to present.","Please present the result."
"Das ist die Statistik.","Das|ist|die|Statistik|.","'Statistik' is feminine.","That is the statistic."
"Eine Million Einwohner.","Eine|Million|Einwohner|.","'Million' is feminine.","One million inhabitants."
"Die Gasse ist sehr eng.","Die|Gasse|ist|sehr|eng|.","'Gasse' means alley. 'eng' means narrow.","The alley is very narrow."
"Die Hauptstraße ist breit.","Die|Hauptstraße|ist|breit|.","'breit' means wide.","The main street is wide."
"Gehen Sie dort hin.","Gehen|Sie|dort|hin|.","'hin' indicates direction away from speaker.","Go there."
"Kommen Sie bitte her.","Kommen|Sie|bitte|her|.","'her' indicates direction towards speaker.","Please come here."
"Das ist das erste Mal.","Das|ist|das|erste|Mal|.","'Mal' (time/occurrence) is neutral.","That is the first time."
"Ich lerne die Konjunktion.","Ich|lerne|die|Konjunktion|.","Grammar vocabulary.","I learn the conjunction."